requester_ratio,scheme,samples,avg_search_delay,avg_packets,success_ratio,avg_selected_providers,avg_candidate_checks
5,RCSA,3,4.677426666666666,5.666666666666667,100.0,2.6666666666666665,3.6666666666666665
5,VCRSA,3,5.00488,6.0,100.0,3.0,54.0
10,RCSA,5,4.610768,5.6,100.0,2.6,3.6
10,VCRSA,5,5.00488,6.0,100.0,3.0,54.6
20,RCSA,5,4.610768,5.6,100.0,2.6,3.6
20,VCRSA,5,5.00488,6.0,100.0,3.0,54.6
30,RCSA,5,4.610768,5.6,100.0,2.6,3.6
30,VCRSA,5,5.00488,6.0,100.0,3.0,54.6
40,RCSA,5,4.610768,5.6,100.0,2.6,3.6
40,VCRSA,5,5.00488,6.0,100.0,3.0,54.6
50,RCSA,5,4.610768,5.6,100.0,2.6,3.6
50,VCRSA,5,5.00488,6.0,100.0,3.0,54.6
