vehicle_load,scheme,requests,avg_search_delay,avg_packets,success_ratio_percent,avg_selected_providers,avg_search_events,avg_candidate_checks,avg_resource_search_events,avg_cluster_join_events,avg_allocation_events,avg_new_cluster_events
50,RCSA,10,4.810744,5.8,100.0,2.8,2.0,3.7,1.0,2.8,1.0,0.0
50,VCRSA,10,5.30488,6.3,80.0,3.3,1.9,15.9,1.0,1.5,0.8,0.0
100,RCSA,10,5.1108080000000005,6.1,100.0,3.1,2.0,4.1,1.0,3.1,1.0,0.0
100,VCRSA,10,5.404874,6.4,100.0,3.4,2.0,37.2,1.0,1.1,1.0,0.0
150,RCSA,10,4.9107959999999995,5.9,100.0,2.9,2.0,3.9,1.0,2.9,1.0,0.0
150,VCRSA,10,5.00488,6.0,100.0,3.0,2.0,49.5,1.0,1.4,1.0,0.0
200,RCSA,10,4.710756,5.7,100.0,2.7,2.0,3.7,1.0,2.7,1.0,0.0
200,VCRSA,10,5.00488,6.0,100.0,3.0,2.0,66.6,1.0,2.0,1.0,0.0
250,RCSA,10,5.010786,6.0,100.0,3.0,2.0,4.0,1.0,3.0,1.0,0.0
250,VCRSA,10,5.00488,6.0,100.0,3.0,2.0,81.6,1.0,2.6,1.0,0.0
